timestamp,album,track,commentary
2025-08-27 21:25:28,Disclosure - Caracal (Deluxe) (2015),03. Holding On (feat. Gregory Porter).mp3,"Okay, here you go, boss:

Right, so about that Disclosure track, â€˜03.  It's a real vibe, neh? 

1.  Gregory Porter's vocals are *seriously* sampled, almost like a heartbeat.  They're layered and chopped up â€“ it's clever, man.
2.  The whole track was built around a sample of a jazz piano piece.  Disclosure really flipped it and gave it a serious dancefloor injection.
3.  It was a *huge* hit in South Africa, getting serious airplay on stations like Yebo FM.  Definitely a track to remember! 

Cheers!"
2025-08-27 21:25:30,Chris Brown - Royalty (Deluxe Version),19. The 80s.mp3,"Okay, cool dude, letâ€™s chat about that track! 

1.  Itâ€™s a super unexpected remix of a track by the South African band, 'The Beloved'. Seriously, itâ€™s a total vibe shift.
2.  Chris Brown actually sampled the original song without permission, which caused a bit of a stir back then.
3.  The remix gained serious traction on TikTok and other social platforms - a true viral moment!  Itâ€™s a reminder that music can always come back in a fresh way, right? 

Cheers!"
2025-08-27 21:26:14,Play Boi Carti - Play Boi Carti,11. Lame Niggaz.mp3,"Okay, boet! Letâ€™s drop some knowledge on that track. 

1.  ""11. Lame Niggaz"" is a wild ride, a raw, almost chaotic beat, and a real head-nodder. Itâ€™s heavily influenced by Memphis rap - think early OutKast vibes. 
2.  Carti's flow on this track is *intense*. Itâ€™s super fast and complex, showing off his skill. 
3.  The track's title itself is a bit controversial, and it's definitely a talking point.  It's a bold move! 

Stay cool, man!"
2025-08-27 21:26:51,Big Sean - Hall Of Fame (Deluxe Edition),07 - First Chain (feat. Nas & Kid Cudi).mp3,"Okay, check this out, man.  

1.  Big Sean actually *sampled* a track by the legendary MFSA â€“ that's the foundation, you know?
2.  Nas and Kid Cudi both dropped serious verses, bringing the whole track up a level, proper heat.
3.  ""07 - First Chain"" was a *massive* early hit for the album, practically setting the tone for the whole ""Hall of Fame"" vibe.  Respect. 

---
``
How's that, boss?  Need more info?"
2025-08-27 21:26:58,"H.E.R. - H.E.R., Vol. 2",06. I Won't.mp3,"Okay, check this out, boss!

Right, so, '06. I Won't' is a serious vibe. Here are three quick facts:

1.  It was written entirely by H.E.R. - sheâ€™s a seriously talented songwriter.
2.  The songâ€™s raw emotion, especially the vocals, were recorded live in one take in LA. Intense!
3.  It's a powerful ode to a past relationship, reflecting on regret and a desire to move on.  Definitely a classic.



Want more info? Just ask! 

---

Let me know if you want more facts or have another song you'd like me to tell you about!"
2025-08-27 21:27:01,ScHoolboy Q - Blank Face LP,13. Str8 Ballin.mp3,"**Okay, check this out, boss:**

1.  That ""13. Str8 Ballin."" beat? Itâ€™s actually a sample of a 1991 Soul II Soul track, ""Back To Your Back."" Super smooth, right?
2.  ScHoolboy Q was aiming for a 90s hip-hop vibe, you know?  He wanted that classic, raw sound. 
3.  The song's title, ""Str8 Ballin',"" is a slang term â€“ basically, he was saying he was killing it!  Pure confidence, man.  Respect. 



**Howâ€™s that, you want to explore more?**"
2025-08-27 21:30:51,Kanye_West_-_Graduation,07 - Barry Bonds (feat. Lil' Wayne).m4a,"Okay, here are 3 super-cool facts about ""07 - Barry Bonds (feat. Lil' Wayne)"" from Kanyeâ€™s Graduation:

1.  ğŸ”¥ That beat is straight-up G-funk, pulled from 90s Compton! ğŸ§ Itâ€™s a throwback flex, fam. ğŸ’¯ 
2.  ğŸ’° Lil' Wayne's verse is pure chaotic energy, straight fire. ğŸ¤  Big facts, no cap. 
3.  ğŸ†  Kanye wanted to capture the ""American Dream"" vibe â€“ hard work & success.  ğŸš€ Let's go! 



Howâ€™s that for a drop, fam? ğŸ˜  Do you want me to drop some more facts?"
2025-08-27 21:31:07,Kanye_West_-_Late_Registration_iTunes_Music_Ra,05 - Skit #1.m4a,"Okay, here are 3 super-cool facts about '05 - Skit #1' from Kanye West's 'Late Registration':

1.  ğŸ¤¯ This skit features a voiceover by legendary producer, No I.D. - straight fire! 
2.  ğŸš— The driving beat is actually a chopped and screwed version of a 1988 R&B track.  Lowkey flex! 
3.  ğŸ”¥  It's a moody, atmospheric piece, creating a vibe thatâ€™s totally *drip* ğŸ’§



Would you like me to drop some more facts, or maybe give you some context about the song?"
2025-08-27 21:31:25,The Internet - Ego Death (2015),._04 - Go with It.mp3,"Okay, fam, here's the tea on '._04 - Go with It':

1.  This trackâ€™s beat is heavily influenced by 90s R&B ğŸ˜´.
2.  Steve Lacyâ€™s vocals are super dreamy and evoke a hazy vibe ğŸ˜.
3.  The whole song's got that late-night, chill, almost hypnotic flow ğŸ’«. 

Word. ğŸ”Š 

---
 

**Note:**  I've aimed for the requested tone and format. The slang and emojis are intended to be playful and fit the prompt's direction."
